Manufacturer Name,Part number,Part Description,Distributor,SKU,Stock Quantity,MOQ- Minimum Order Quantity,Packaging,Currency,Price 1,Price 10,Price 25,Price 50,Price 100,Price 200,Price 250,Price 500,Price 1000,Price 2000,Price 3000,Price 4000,Price 5000,Price 10000,Price 50000,Price 100000
Avago,HFBR-2521-ND,,Digi-Key,HFBR-2521-ND,0,200,Bulk,USD,,,,,,8.14000,,,,,,,,,,
Avago,HFBR-2521,,Angenic,HFBR-2521,9,,,,,,,,,,,,,,,,,,,
Avago,40K0019,,Newark,40K0019,8714,1,,USD,0.08400,0.08400,0.08400,,0.08400,,0.08400,0.08400,0.07200,,,,,,,
Avago,516-1394-ND,,Digi-Key,516-1394-ND,34136,1,Bulk,USD,0.43000,0.30000,0.26000,,0.20000,,0.16252,0.12000,0.10000,,,,,,,
Avago,HLMP-0103,,Avnet Express,HLMP-0103,11423,1,,USD,0.38500,0.17050,,0.11550,0.10180,,,0.08560,,,,,,,,
Avago,630-HLMP-0103,,Mouser,630-HLMP-0103,12730,,,USD,0.28000,0.22400,,,0.11500,,,,,,,,,,,
Avago,HLMP-0103,,Arrow,HLMP-0103,10853,1,,USD,0.09040,,,,,,,,,,,,,,,
Avago,8576378,,Farnell,8576378,15600,5,,GBP,,,,,0.20900,,0.17000,0.15700,0.14700,,,,,,,
Avago,8576378,,element14 APAC,8576378,4326,10,,SGD,,0.53900,,,0.32700,,0.26500,,,,,,,,,
Avago,HLMP-0103,,Avnet Express Europe,HLMP-0103,6000,2000,,EUR,,,,,,,,,,0.16000,,0.13600,,,,
Avago,8415065P,,RS Components,8415065P,5925,,,,,,,,,,,,,,,,,,,
Avago,HLMP-0103,,ExcessParts.Net,HLMP-0103,3184,,,USD,0.04000,,,,,,,,,,,,,,,
Avago,HLMP-0103,,SIE,HLMP-0103,4500,,,,,,,,,,,,,,,,,,,
Avago,32M9046,,Newark,32M9046,0,60,,,,,,,,,,,,,,,,,,
Avago,516-2010-ND,,Digi-Key,516-2010-ND,0,1,Bulk,USD,21.08000,19.81100,,,14.75250,,12.64500,11.38050,10.95900,,,,10.32675,,,
Avago,43K8801,,Newark,43K8801,428,1,,USD,6.00000,5.00000,4.20000,,3.60000,,3.20000,2.90000,2.66000,,,,,,,
Avago,HDSP-4830,,Avnet Express,HDSP-4830,3709,1,,USD,4.98660,3.49250,,2.92600,2.89580,,,2.75000,,,,,,,,
Avago,630-HDSP-4830,,Mouser,630-HDSP-4830,803,,,USD,5.60000,4.20000,,,3.40000,,,,,,,,,,,
Avago,516-1238-5-ND,,Digi-Key,516-1238-5-ND,585,1,Tube,USD,6.00000,5.00000,,4.20000,3.60000,,3.20000,2.90000,2.66000,,,,2.48000,,,
Avago,HDSP-4830,,Arrow,HDSP-4830,224,1,,USD,3.19000,,,,,,,,,,,,,,,
Avago,HDSP-4830,,Avnet Express Europe,HDSP-4830,1347,120,,EUR,,,,,,,,,,,,,,,,
Avago,1003268,,element14 APAC,1003268,235,1,Bulk,SGD,8.18000,6.13000,,,4.96000,,4.50000,4.15000,,,,,,,,
Avago,1003268,,Farnell,1003268,226,1,,GBP,3.34000,,,,2.87000,,,,1.92000,1.88000,1.84000,,,,,
Avago,HDSP-4830,,Avnet Express Asia,HDSP-4830,0,360,,USD,,,,,,,,,,,,,,,,
Avago,17502616,,Distrelec,17502616,83,,,EUR,4.99000,,,,,,,,,,,,,,,
Avago,1711379,,RS Components,1711379,497,,,,,,,,,,,,,,,,,,,
Avago,1551373,,Jameco,1551373,213,,,USD,6.39000,5.85000,,,5.35000,,,,,,,,,,,
Avago,HDSP-4830,,ExcessParts.Net,HDSP-4830,48,,,USD,1.27000,,,,,,,,,,,,,,,
Avago,HDSP-4830,,SIE,HDSP-4830,551,,,,,,,,,,,,,,,,,,,
Avago,HDSP-4830,,Chip 1 Exchange,HDSP-4830,-2,,,,,,,,,,,,,,,,,,,
Avago,HCPL-2211,,Avnet Express,HCPL-2211,1108,1,,USD,3.91240,2.85340,,2.56420,2.49740,,,2.26280,,,,,,,,
Avago,516-1059-5-ND,,Digi-Key,516-1059-5-ND,789,1,Tube,USD,5.19000,4.32500,3.63280,,3.11390,,2.76788,2.50838,2.25568,,,,,,,
Avago,630-HCPL-2211,,Mouser,630-HCPL-2211,467,,,USD,,,,,,,2.61000,2.40000,,,,,,,,
Avago,HCPL-2211,,Arrow,HCPL-2211,0,1,,USD,2.65000,,,,,,,,,,,,,,,
Avago,HCPL-2211,,Avnet Express Europe,HCPL-2211,0,50,,EUR,,,,2.40000,,,,,,,,,,,,
Avago,HCPL2211,,LittleDiode,HCPL2211,70,,,,,,,,,,,,,,,,,,,
Avago,HFBR-1414T,,Freelance Electronics,HFBR-1414T,3,,,USD,8.63000,,,,,,,,,,,,,,,
Avago,HFBR-1414T,,EDX,HFBR-1414T,12,,,,,,,,,,,,,,,,,,,
Avago,HFBR-1414T,,LittleDiode,HFBR-1414T,0,,,,,,,,,,,,,,,,,,,
Avago,40K0032,,Newark,40K0032,10333,1,,USD,0.41000,0.29400,0.24000,,0.19200,,0.16200,0.13800,0.10800,,,,,,,
Avago,516-1293-ND,,Digi-Key,516-1293-ND,26303,1,Bulk,USD,0.42000,0.30000,0.24480,,0.19580,,0.16524,0.14076,0.10800,,,,,,,
Avago,630-HLMP-1503,,Mouser,630-HLMP-1503,24494,,,USD,0.33000,0.26900,,,0.13800,,,,,,,,,,,
Avago,1003199,,element14 APAC,1003199,40536,10,Bulk,SGD,,0.22600,,0.18400,,,,,,,,,,,,
Avago,HLMP-1503,,Arrow,HLMP-1503,14504,1,,USD,0.10850,,,,,,,,,,,,,,,
Avago,HLMP-1503,,Avnet Express,HLMP-1503,642,1,,USD,0.43560,0.19800,,0.13530,0.11950,,,0.10070,,,,,,,,
Avago,1003199,,Farnell,1003199,13613,5,,GBP,,,,,0.09200,,,0.06900,0.06700,,,,,,,
Avago,HLMP-1503,,Avnet Express Asia,HLMP-1503,0,16000,,USD,,,,,,,,,,,,,,,,
Avago,HLMP-1503,,Avnet Express Europe,HLMP-1503,0,2000,,EUR,,,,,,,,,,0.08000,,,,,,
Avago,17504939,,Distrelec,17504939,970,,,EUR,0.24000,,,,,,,,,,,,,,,
Avago,AVAG-0000317,,Chip One Stop,AVAG-0000317,814,25,,USD,,,0.17000,,0.16300,,,0.14000,,,,,,,,
Avago,1808502,,RS Components,1808502,5630,,,,,,,,,,,,,,,,,,,
Avago,HLMP-1503,,Area51,HLMP-1503,16,,,USD,0.10000,,,,,,,,,,,,,,,
Avago,HLMP1503,,LittleDiode,HLMP1503,1692,,,,,,,,,,,,,,,,,,,
Avago,HLMP-1503,,SIE,HLMP-1503,92,,,,,,,,,,,,,,,,,,,
Avago,HLMP-1503,,Component Sense 24,HLMP-1503,1433,,,,,,,,,,,,,,,,,,,
Avago,HLMP-1503,,EDX,HLMP-1503,271,,,,,,,,,,,,,,,,,,,
Avago,42K5948,,Newark,42K5948,11783,1,,USD,0.10000,0.10000,0.10000,,0.10000,,0.10000,0.10000,0.08600,,,,,,,
Avago,HLMP-1301,,Avnet Express,HLMP-1301,43387,1,,USD,0.43560,0.19800,,0.13530,0.11950,,,0.10070,,,,,,,,
Avago,630-HLMP-1301,,Mouser,630-HLMP-1301,51083,,,USD,0.33000,0.26900,,,0.13800,,,,,,,,,,,
Avago,516-1291-ND,,Digi-Key,516-1291-ND,13556,1,Bulk,USD,0.41000,0.29400,0.24000,,0.19200,,0.16200,0.13800,0.10800,,,,,,,
Avago,HLMP-1301,,Arrow,HLMP-1301,13446,1,,USD,0.10850,,,,,,,,,,,,,,,
Avago,1003196,,element14 APAC,1003196,25940,10,Bulk,SGD,,0.18500,,0.14400,,0.13400,,0.12700,0.12400,,,,,,,
Avago,1003196,,Farnell,1003196,18469,5,,GBP,,,,,0.08600,,,0.07500,0.07100,,,,,,,
Avago,HLMP-1301,,Avnet Express Asia,HLMP-1301,10000,2000,,USD,,,,,,,,,,0.05840,,,,0.05390,,
Avago,HLMP-1301,,Avnet Express Europe,HLMP-1301,0,2000,,EUR,,,,,,,,,,0.09000,,,,,,
Avago,AVAG-0000310,,Chip One Stop,AVAG-0000310,2200,5,,USD,,,0.21400,0.21000,0.20500,,,0.17100,0.16300,,,,,,,
Avago,17511880,,Distrelec,17511880,1337,,,EUR,0.25000,,,,,,,,,,,,,,,
Avago,1780909,,RS Components,1780909,33190,,,,,,,,,,,,,,,,,,,
Avago,HLMP-1301,,Quest,HLMP-1301,418,,,USD,0.42000,,,,,,,,,,,,,,,
Avago,HLMP-1301,,Component Sense 24,HLMP-1301,1346,,,,,,,,,,,,,,,,,,,
Avago,HLMP-1301,,SIE,HLMP-1301,6500,,,,,,,,,,,,,,,,,,,
Avago,HLMP-1301,,Euro-Tech,HLMP-1301,25,,,,,,,,,,,,,,,,,,,
Avago,40K0057,,Newark,40K0057,3141,1,,USD,0.41000,0.29400,0.24000,,0.19200,,0.16200,0.13800,0.10800,,,,,,,
Avago,HLMP-3401,,Arrow,HLMP-3401,9411,1,,USD,0.10850,,,,,,,,,,,,,,,
Avago,516-1331-ND,,Digi-Key,516-1331-ND,9044,1,Bulk,USD,0.42000,0.30000,0.24480,,0.19580,,0.16524,0.14076,0.10800,,,,,,,
Avago,630-HLMP-3401,,Mouser,630-HLMP-3401,7068,,,USD,0.33000,0.26900,,,0.13800,,,,,,,,,,,
Avago,HLMP-3401,,Avnet Express,HLMP-3401,3630,1,,USD,0.43560,0.19800,,0.13530,0.11950,,,0.10070,,,,,,,,
Avago,1003213,,element14 APAC,1003213,6266,5,Bulk,SGD,,,0.16700,,,,,,,,,,,,,
Avago,1003213,,Farnell,1003213,1700,5,,GBP,,,,,0.08700,,,0.08300,0.08200,,,,,,,
Avago,AVAG-0000351,,Chip One Stop,AVAG-0000351,1012,25,,USD,,,0.24900,,0.19900,,,0.14300,0.11000,,,,,,,
Avago,HLMP-3401,,Avnet Express Europe,HLMP-3401,0,2000,,EUR,,,,,,,,,,0.08000,,,,,,
Avago,17505159,,Distrelec,17505159,80,,,EUR,0.24000,,,,,,,,,,,,,,,
Avago,826385,,RS Components,826385,3535,,,,,,,,,,,,,,,,,,,
Avago,253761,,Jameco,253761,8988,,,USD,,0.25000,,0.21000,0.19000,,,,,,,,,,,
Avago,HLMP-3401,,Angenic,HLMP-3401,90,,,,,,,,,,,,,,,,,,,
Avago,HLMP-3401,,SIE,HLMP-3401,9400,,,,,,,,,,,,,,,,,,,
Avago,HLMP-3401,,Euro-Tech,HLMP-3401,1400,,,,,,,,,,,,,,,,,,,
Avago,HLMP3401,,AED Electronics,HLMP3401,4000,,,,,,,,,,,,,,,,,,,
Avago,HCPL-2231,,Avnet Express,HCPL-2231,75,1,,USD,7.68720,6.26250,,5.74500,5.52330,,,5.09400,,,,,,,,
Avago,516-1061-5-ND,,Digi-Key,516-1061-5-ND,301,1,Tube,USD,10.39000,9.41300,7.45200,,6.27520,,5.88300,5.39276,5.09860,,,,,,,
Avago,HCPL-2231,,Arrow,HCPL-2231,0,1,,USD,5.90000,,,,,,,,,,,,,,,
Avago,HCPL-2231,,Avnet Express Asia,HCPL-2231,433,50,,USD,,,,4.88670,,,4.58130,4.31180,,,,,,,,
Avago,HCPL-2231,,Avnet Express Europe,HCPL-2231,0,50,,EUR,,,,5.40000,,,,,,,,,,,,
Avago,1550012,,Jameco,1550012,105,,,USD,8.75000,7.99000,,,7.25000,,,,,,,,,,,
Avago,HCPL-2231,,Freelance Electronics,HCPL-2231,0,,,USD,2.71000,,,,,,,,,,,,,,,
Avago,HCPL-2231,,Euro-Tech,HCPL-2231,41,,,,,,,,,,,,,,,,,,,
Avago,HCPL-2231,,Select Technology,HCPL-2231,1370,,,,,,,,,,,,,,,,,,,
Avago,HCPL-2231,,Component Electronics,HCPL-2231,81,,,,,,,,,,,,,,,,,,,
Avago,HCPL2231,,Area51,HCPL2231,1,,,,,,,,,,,,,,,,,,,
Avago,HCPL-3700,,Avnet Express,HCPL-3700,550,1,,USD,4.42280,3.30890,,2.96600,2.89880,,,2.61140,,,,,,,,
Avago,HCPL-3700,,Arrow,HCPL-3700,5075,1,,USD,2.98000,,,,,,,,,,,,,,,
Avago,516-1131-5-ND,,Digi-Key,516-1131-5-ND,468,1,Tube,USD,5.94000,4.95000,4.15800,,3.56400,,3.16800,2.87100,2.63340,,,,,,,
Avago,326872,,Farnell,326872,268,1,,GBP,3.47000,,2.91000,,2.66000,,2.11000,2.07000,,,,,,,,
Avago,326872,,element14 APAC,326872,112,1,Bulk,SGD,6.90000,6.57000,,,6.12000,,,5.64000,,,,,,,,
Avago,HCPL-3700,,Avnet Express Asia,HCPL-3700,0,400,,USD,,,,,,,,,,,,,,,,
Avago,HCPL-3700,,Avnet Express Europe,HCPL-3700,0,50,,EUR,,,,3.17000,,,,,,,,,,,,
Avago,1550573,,Jameco,1550573,4821,,,USD,5.75000,5.25000,,,4.79000,,,,,,,,,,,
Avago,HCPL3700,,EDX,HCPL3700,50,,,,,,,,,,,,,,,,,,,
Avago,HFBR-1521-ND,,Digi-Key,HFBR-1521-ND,0,200,Bulk,USD,,,,,,8.14000,,,,,,,,,,
Avago,HFBR-1521,,Nexus Electronics,HFBR-1521,5,,,USD,4.94000,4.94000,4.44600,4.19900,3.95200,,3.70500,3.70500,3.70500,,,,3.70500,3.70500,,
Avago,HFBR-1521,,Angenic,HFBR-1521,9,,,,,,,,,,,,,,,,,,,
Avago,HFBR-1521,,Voyager Components,HFBR-1521,6,,,,,,,,,,,,,,,,,,,
Avago,39K9947,,Newark,39K9947,8133,1,,USD,0.54700,0.39200,0.32000,,0.25600,,0.21600,0.18400,0.14400,,,,,,,
Avago,HLMP-D101,,Avnet Express,HLMP-D101,30819,1,,USD,0.51040,0.24640,,0.17160,0.15220,,,0.12870,,,,,,,,
Avago,HLMP-D101,,Arrow,HLMP-D101,6472,1,,USD,0.14460,,,,,,,,,,,,,,,
Avago,630-HLMP-D101,,Mouser,630-HLMP-D101,4783,,,USD,0.44000,0.35900,,,0.18400,,,,,,,,,,,
Avago,516-1324-ND,,Digi-Key,516-1324-ND,1720,1,Bulk,USD,0.55000,0.40000,0.32640,,0.26110,,0.22032,0.18768,0.14400,,,,,,,
Avago,1003228,,Farnell,1003228,8062,5,,GBP,,,,,0.12900,,0.10500,0.09900,0.09200,,,,,,,
Avago,1003228,,element14 APAC,1003228,10,5,Bulk,SGD,,,0.29700,,,,,,,,,,,,,
Avago,HLMP-D101,,Avnet Express Europe,HLMP-D101,0,2000,,EUR,,,,,,,,,,0.12200,,,,,,
Avago,11097423,,Distrelec,11097423,100,,,EUR,0.29000,,,,,,,,,,,,,,,
Avago,826802,,RS Components,826802,5655,,,,,,,,,,,,,,,,,,,
Avago,516-1889-ND,,Digi-Key,516-1889-ND,0,1,Bulk,USD,1.13000,0.97500,,,0.75000,,0.66000,0.55500,0.45000,,,,0.39000,,,
Avago,HFBR4501,,LittleDiode,HFBR4501,90,,,,,,,,,,,,,,,,,,,
Avago,HFBR-4501,,EarthTron,HFBR-4501,246,,,,,,,,,,,,,,,,,,,
Avago,40K0048,,Newark,40K0048,7702,1,,USD,0.41000,0.29400,0.24000,,0.19200,,0.16200,0.13800,0.10800,,,,,,,
Avago,HLMP-3301,,Avnet Express,HLMP-3301,40923,1,,USD,0.43560,0.19800,,0.13530,0.11950,,,0.10070,,,,,,,,
Avago,HLMP-3301,,Arrow,HLMP-3301,13529,1,,USD,0.10850,,,,,,,,,,,,,,,
Avago,630-HLMP-3301,,Mouser,630-HLMP-3301,11793,,,USD,0.33000,0.26900,,,0.13800,,,,,,,,,,,
Avago,516-1328-ND,,Digi-Key,516-1328-ND,9975,1,Bulk,USD,0.42000,0.30000,0.24480,,0.19580,,0.16524,0.14076,0.10800,,,,,,,
Avago,1003211,,element14 APAC,1003211,29837,5,Bulk,SGD,,,0.26000,,,,,,,,,,,,,
Avago,HLMP-3301,,Avnet Express Europe,HLMP-3301,19056,2000,,EUR,,,,,,,,,,0.09000,,,,,,
Avago,1003211,,Farnell,1003211,12788,5,,GBP,,,,,0.08900,,,0.08400,0.08100,,,,,,,
Avago,AVAG-0000346,,Chip One Stop,AVAG-0000346,2276,5,,USD,,,0.19000,0.18600,0.18300,,,0.15200,0.14500,,,,,,,
Avago,HLMP-3301,,Avnet Express Asia,HLMP-3301,0,16000,,USD,,,,,,,,,,,,,,,,
Avago,17505142,,Distrelec,17505142,843,,,EUR,0.24000,,,,,,,,,,,,,,,
Avago,826363,,RS Components,826363,10510,,,,,,,,,,,,,,,,,,,
Avago,HLMP-3301,,Freelance Electronics,HLMP-3301,600,,,USD,0.07000,,,,,,,,,,,,,,,
Avago,HLMP-3301,,Angenic,HLMP-3301,8000,,,,,,,,,,,,,,,,,,,
Avago,HLMP3301,,LittleDiode,HLMP3301,543,,,,,,,,,,,,,,,,,,,
Avago,HLMP-3301,,Nexus Electronics,HLMP-3301,170,,,,,,,,,,,,,,,,,,,
Avago,HLMP3301,,Ralph's Elec.,HLMP3301,15,,,,,,,,,,,,,,,,,,,
Avago,HLMP-3301,,SIE,HLMP-3301,16229,,,,,,,,,,,,,,,,,,,
Avago,HLMP3301,,Cyclops Electronics,HLMP3301,1500,,,,,,,,,,,,,,,,,,,
Avago,HLMP3301,,Express Electronics,HLMP3301,1500,,,,,,,,,,,,,,,,,,,
Avago,40K0061,,Newark,40K0061,8766,1,,USD,0.41000,0.29400,0.24000,,0.19200,,0.16200,0.13800,0.10800,,,,,,,
Avago,630-HLMP-3507,,Mouser,630-HLMP-3507,32644,,,USD,0.33000,0.26900,,,0.13800,,,,,,,,,,,
Avago,HLMP-3507,,Avnet Express,HLMP-3507,24098,1,,USD,0.43560,0.19800,,0.13530,0.11950,,,0.10070,,,,,,,,
Avago,516-1333-ND,,Digi-Key,516-1333-ND,18201,1,Bulk,USD,0.42000,0.30000,0.24480,,0.19580,,0.16524,0.14076,0.10800,,,,,,,
Avago,1003214,,element14 APAC,1003214,25637,5,Bulk,SGD,,,0.16700,,,,,,,,,,,,,
Avago,HLMP-3507,,Arrow,HLMP-3507,4297,1,,USD,0.10850,,,,,,,,,,,,,,,
Avago,1003214,,Farnell,1003214,18000,5,,GBP,,,,,0.06600,,,0.06300,0.06100,,,,,,,
Avago,HLMP-3507,,Avnet Express Europe,HLMP-3507,10527,2000,,EUR,,,,,,,,,,0.08000,,,,,,
Avago,AVAG-0000355,,Chip One Stop,AVAG-0000355,1760,25,,USD,,,0.17000,,0.16300,,,0.14000,0.12900,,,,,,,
Avago,HLMP-3507,,Avnet Express Asia,HLMP-3507,0,16000,,USD,,,,,,,,,,,,,,,,
Avago,17505167,,Distrelec,17505167,304,,,EUR,0.25000,,,,,,,,,,,,,,,
Avago,826379,,RS Components,826379,13415,,,,,,,,,,,,,,,,,,,
Avago,253770,,Jameco,253770,4120,,,USD,,0.25000,,0.21000,0.19000,,,,,,,,,,,
Avago,HLMP-3507,,Nexus Electronics,HLMP-3507,1,,,USD,0.46000,0.46000,0.46000,0.36800,0.32200,,0.32200,0.27600,0.23000,,,,0.18400,0.18400,,
Avago,HLMP3507,,LittleDiode,HLMP3507,62,,,,,,,,,,,,,,,,,,,
Avago,HLMP-3507,,Cyclops Electronics,HLMP-3507,500,,,,,,,,,,,,,,,,,,,
Avago,HLMP-3507,,SIE,HLMP-3507,9675,,,,,,,,,,,,,,,,,,,
Avago,HLMP-3507,,Express Electronics,HLMP-3507,500,,,,,,,,,,,,,,,,,,,
Avago,40K0080,,Newark,40K0080,4009,1,,USD,0.50000,0.39000,0.32500,,0.28000,,0.25000,0.21500,0.16600,,,,,,,
Avago,HLMP-4700,,Avnet Express Europe,HLMP-4700,35084,2000,,EUR,,,,,,,,,,0.12000,,,,0.08700,,
Avago,HLMP-4700,,Avnet Express,HLMP-4700,830,1,,USD,0.55000,0.28600,,0.20350,0.18150,,,0.15400,,,,,,,,
Avago,630-HLMP-4700,,Mouser,630-HLMP-4700,6916,,,USD,0.50000,0.32500,,,0.21500,,,,,,,,,,,
Avago,516-1325-ND,,Digi-Key,516-1325-ND,3721,1,Bulk,USD,0.51000,0.39800,0.33160,,0.28560,,0.25500,0.21930,0.16600,,,,,,,
Avago,HLMP-4700,,Arrow,HLMP-4700,0,1,,USD,0.18980,,,,,,,,,,,,,,,
Avago,1003232,,element14 APAC,1003232,5919,1,Bulk,SGD,0.73000,0.47400,,,0.31400,,,,0.23400,0.20400,,,,,,
Avago,1003232,,Farnell,1003232,2097,5,,GBP,,,,,,,,,0.10500,,,,0.09600,,,
Avago,HLMP-4700,,Avnet Express Asia,HLMP-4700,0,10000,,USD,,,,,,,,,,,,,,0.07150,,
Avago,AVAG-0000373,,Chip One Stop,AVAG-0000373,519,5,,USD,,,0.23800,0.23300,0.22800,,,0.19000,,,,,,,,
Avago,17505340,,Distrelec,17505340,276,,,EUR,0.39000,,,,,,,,,,,,,,,
Avago,590547,,RS Components,590547,12065,,,,,,,,,,,,,,,,,,,
Avago,HLMP4700,,LittleDiode,HLMP4700,97,,,,,,,,,,,,,,,,,,,
Avago,HLMP-4700,,Euro-Tech,HLMP-4700,1000,,,,,,,,,,,,,,,,,,,
Avago,HLMP-4700,,EarthTron,HLMP-4700,4612,,,,,,,,,,,,,,,,,,,
Avago,40K0036,,Newark,40K0036,2547,1,,USD,0.54700,0.39200,0.32000,,0.25600,,0.21600,0.18400,0.14400,,,,,,,
Avago,HLMP-1540,,Avnet Express,HLMP-1540,23156,1,,USD,0.51040,0.24640,,0.17160,0.15220,,,0.12870,,,,,,,,
Avago,516-1301-ND,,Digi-Key,516-1301-ND,17375,1,Bulk,USD,0.55000,0.40000,0.32640,,0.26110,,0.22032,0.18768,0.14400,,,,,,,
Avago,630-HLMP-1540,,Mouser,630-HLMP-1540,16227,,,USD,0.44000,0.35900,,,0.18400,,,,,,,,,,,
Avago,HLMP-1540,,Arrow,HLMP-1540,4823,1,,USD,0.14460,,,,,,,,,,,,,,,
Avago,HLMP-1540,,Avnet Express Europe,HLMP-1540,12845,2000,,EUR,,,,,,,,,,0.12200,,,,0.08850,,
Avago,1003204,,element14 APAC,1003204,8095,5,Bulk,SGD,,,0.19600,,,,,,,,,,,,,
Avago,1003204,,Farnell,1003204,7705,5,,GBP,,,,,,,,,0.09700,,,,0.07250,0.07100,,
Avago,17510143,,Distrelec,17510143,1882,,,EUR,0.31000,,,,,,,,,,,,,,,
Avago,HLMP-1540,,Avnet Express Asia,HLMP-1540,0,10000,,USD,,,,,,,,,,,,,,0.07150,,
Avago,AVAG-0000320,,Chip One Stop,AVAG-0000320,51,5,,USD,,,0.23800,0.23300,,,,,,,,,,,,
Avago,826638P,,RS Components,826638P,7000,,,,,,,,,,,,,,,,,,,
Avago,24040152,,PriceLynx,24040152,8033,,,,,,,,,,,,,,,,,,,
Avago,HLMP-1540,,Electronic Expediters,HLMP-1540,90,,,,,,,,,,,,,,,,,,,
Avago,HLMP-1540,,Angenic,HLMP-1540,1,,,,,,,,,,,,,,,,,,,
Avago,HLMP-1540,,SIE,HLMP-1540,21327,,,,,,,,,,,,,,,,,,,
Avago,HLMP-1540,,Component Sense 24,HLMP-1540,13249,,,,,,,,,,,,,,,,,,,
Avago,40K0044,,Newark,40K0044,3077,1,,USD,0.50000,0.39000,0.32500,,0.28000,,0.25000,0.21500,0.16600,,,,,,,
Avago,HLMP-1700,,Avnet Express,HLMP-1700,75778,1,,USD,0.55000,0.28600,,0.20350,0.18150,,,0.15400,,,,,,,,
Avago,630-HLMP-1700,,Mouser,630-HLMP-1700,16788,,,USD,0.50000,0.32500,,,0.21500,,,,,,,,,,,
Avago,516-1308-ND,,Digi-Key,516-1308-ND,17022,1,Bulk,USD,0.50000,0.39000,0.32520,,0.28000,,0.25000,0.21500,0.16600,,,,,,,
Avago,1003207,,element14 APAC,1003207,42839,10,Bulk,SGD,,0.27000,,0.22100,,0.19400,,0.17600,0.17000,,,,,,,
Avago,1003207,,Farnell,1003207,42440,5,,GBP,,,,,0.15700,,,0.13600,0.10100,0.09500,,,,,,
Avago,HLMP-1700,,Arrow,HLMP-1700,0,1,,USD,0.18260,,,,,,,,,,,,,,,
Avago,HLMP-1700,,Avnet Express Europe,HLMP-1700,0,2000,,EUR,,,,,,,,,,0.11200,,,,,,
Avago,HLMP-1700,,Avnet Express Asia,HLMP-1700,0,12000,,USD,,,,,,,,,,,,,,,,
Avago,AVAG-0000327,,Chip One Stop,AVAG-0000327,1848,5,,USD,,,0.21400,0.21000,0.20500,,,0.17100,0.16300,,,,,,,
Avago,17505308,,Distrelec,17505308,326,,,EUR,0.24000,,,,,,,,,,,,,,,
Avago,1711234,,RS Components,1711234,8630,,,,,,,,,,,,,,,,,,,
Avago,HLMP-1700,,TME,HLMP-1700,3800,100,,USD,,,,,0.16100,,,0.14400,0.13200,0.11500,,,,,,
Avago,HLMP1700,,LittleDiode,HLMP1700,255,,,,,,,,,,,,,,,,,,,
Avago,HLMP-1700,,SIE,HLMP-1700,11370,,,,,,,,,,,,,,,,,,,
Avago,HLMP-1700,,EarthTron,HLMP-1700,2482,,,,,,,,,,,,,,,,,,,
Avago,HLMP-1700,,Rotakorn,HLMP-1700,900,,,,,,,,,,,,,,,,,,,
Avago,40K0046,,Newark,40K0046,2964,1,,USD,0.50000,0.39000,0.32500,,0.28000,,0.25000,0.21500,0.16600,,,,,,,
Avago,HLMP-1790,,Arrow,HLMP-1790,57210,1,,USD,0.18260,,,,,,,,,,,,,,,
Avago,HLMP-1790,,Avnet Express Europe,HLMP-1790,131055,2000,,EUR,,,,,,,,,,0.10800,,,,0.07830,,
Avago,HLMP-1790,,Avnet Express,HLMP-1790,6240,1,,USD,0.55000,0.28600,,0.20350,0.18150,,,0.15400,,,,,,,,
Avago,630-HLMP-1790,,Mouser,630-HLMP-1790,9569,,,USD,0.50000,0.32500,,,0.21500,,,,,,,,,,,
Avago,516-1310-ND,,Digi-Key,516-1310-ND,10794,1,Bulk,USD,0.51000,0.39800,0.33160,,0.28560,,0.25500,0.21930,0.16600,,,,,,,
Avago,1003209,,element14 APAC,1003209,27037,10,Bulk,SGD,,0.09400,,,,,,,,,,,,,,
Avago,1003209,,Farnell,1003209,13411,5,,GBP,,,,,0.14400,,,0.12400,0.11100,0.09990,,,,,,
Avago,HLMP-1790,,Avnet Express Asia,HLMP-1790,0,12000,,USD,,,,,,,,,,,,,,,,
Avago,AVAG-0000329,,Chip One Stop,AVAG-0000329,1725,5,,USD,,,0.21400,0.21000,0.20500,,,0.17100,0.16300,,,,,,,
Avago,17505324,,Distrelec,17505324,1118,,,EUR,0.42000,,,,,,,,,,,,,,,
Avago,1808451,,RS Components,1808451,40980,,,,,,,,,,,,,,,,,,,
Avago,253681,,Jameco,253681,54587,,,USD,,0.39000,,0.35000,0.32000,,,,,,,,,,,
Avago,HLMP-1790,,Quest,HLMP-1790,1234,,,USD,0.90000,,,,,,,,,,,,,,,
Avago,HLMP-1790,,Gerber,HLMP-1790,15,,,USD,0.38000,,,,,,,,,,,,,,,
Avago,HLMP-1790,,Angenic,HLMP-1790,664,,,,,,,,,,,,,,,,,,,
Avago,HLMP1790,,LittleDiode,HLMP1790,100,,,,,,,,,,,,,,,,,,,
Avago,HLMP-1790,,EDX,HLMP-1790,6347,,,,,,,,,,,,,,,,,,,
Avago,HLMP-1790,,SIE,HLMP-1790,13980,,,,,,,,,,,,,,,,,,,
Avago,HLMP-1790,,Rotakorn,HLMP-1790,95,,,,,,,,,,,,,,,,,,,
Avago,HLMP-1790,,Voyager Components,HLMP-1790,200,,,,,,,,,,,,,,,,,,,
Avago,40K0045,,Newark,40K0045,2735,1,,USD,0.50000,0.39000,0.32500,,0.28000,,0.25000,0.21500,0.16600,,,,,,,
Avago,HLMP-1719,,Arrow,HLMP-1719,26339,1,,USD,0.18260,,,,,,,,,,,,,,,
Avago,HLMP-1719,,Avnet Express,HLMP-1719,15173,1,,USD,0.55000,0.28600,,0.20350,0.18150,,,0.15400,,,,,,,,
Avago,516-1309-ND,,Digi-Key,516-1309-ND,14661,1,Bulk,USD,0.50000,0.39000,0.32520,,0.28000,,0.25000,0.21500,0.16600,,,,,,,
Avago,1003208,,Farnell,1003208,9497,5,,GBP,,,,,0.16300,,,0.14200,0.10100,0.09500,,,,,,
Avago,1003208,,element14 APAC,1003208,7638,10,Bulk,SGD,,0.33900,,0.27800,,0.24500,,0.21900,0.20400,,,,,,,
Avago,AVAG-0000328,,Chip One Stop,AVAG-0000328,1523,5,,USD,,,0.21400,0.21000,0.20500,,,0.17100,0.16300,,,,,,,
Avago,HLMP-1719,,Avnet Express Europe,HLMP-1719,0,2000,,EUR,,,,,,,,,,0.10800,,,,,,
Avago,HLMP-1719,,Avnet Express Asia,HLMP-1719,0,12000,,USD,,,,,,,,,,,,,,,,
Avago,17505316,,Distrelec,17505316,97,,,EUR,0.39000,,,,,,,,,,,,,,,
Avago,1711228,,RS Components,1711228,4120,,,,,,,,,,,,,,,,,,,
Avago,253673,,Jameco,253673,25117,,,USD,,0.39000,,0.35000,0.32000,,,,,,,,,,,
Avago,HLMP-1719,,Angenic,HLMP-1719,250,,,,,,,,,,,,,,,,,,,
Avago,HLMP-1719,,SIE,HLMP-1719,1685,,,,,,,,,,,,,,,,,,,
Avago,HLMP1719,,LittleDiode,HLMP1719,0,,,,,,,,,,,,,,,,,,,
Avago,HLMP-1719,,Rotakorn,HLMP-1719,200,,,,,,,,,,,,,,,,,,,
Avago,HLMP-1719,,Voyager Components,HLMP-1719,300,,,,,,,,,,,,,,,,,,,
Avago,HCPL-2601,,Avnet Express,HCPL-2601,986,1,,USD,2.39640,1.62350,,1.46040,1.40010,,,1.29150,,,,,,,,
Avago,HCPL-2601,,Arrow,HCPL-2601,1034,1,,USD,1.56000,,,,,,,,,,,,,,,
Avago,516-1076-5-ND,,Digi-Key,516-1076-5-ND,683,1,Tube,USD,3.32000,2.94400,2.18400,,1.89920,,1.70932,1.51940,1.28013,,,,,,,
Avago,HCPL-2601,,Avnet Express Europe,HCPL-2601,0,100,,EUR,,,,,1.27000,,,,,,,,,,,
Avago,HCPL-2601,,Freelance Electronics,HCPL-2601,2645,,,USD,0.46000,,,,,,,,,,,,,,,
Avago,HCPL2601,,LittleDiode,HCPL2601,121,,,,,,,,,,,,,,,,,,,
Avago,23911153,,PriceLynx,23911153,9,,,,,,,,,,,,,,,,,,,
Avago,HCPL2601,,Angenic,HCPL2601,1,,,,,,,,,,,,,,,,,,,
Avago,HFBR-2522-ND,,Digi-Key,HFBR-2522-ND,0,200,Bulk,USD,,,,,,8.14000,,,,,,,,,,
Avago,4965901,,RS Components,4965901,129,,,,,,,,,,,,,,,,,,,
Avago,HFBR-2522,,Voyager Components,HFBR-2522,72,,,,,,,,,,,,,,,,,,,
Avago,HFBR-2522,,4 Star Electronics,HFBR-2522,12,,,,,,,,,,,,,,,,,,,
Avago,HCPL-7800,,Avnet Express,HCPL-7800,-3,1,,USD,11.03820,9.25050,,8.64260,8.19380,,,7.74150,,,,,,,,
Avago,630-HCPL-7800,,Mouser,630-HCPL-7800,172,,,USD,,,,,9.63000,,9.03000,,,,,,,,,
Avago,516-2995-ND,,Digi-Key,516-2995-ND,119,1,Tube,USD,13.25000,12.04800,11.14440,,10.24080,,9.33720,8.73480,8.01192,,,,,,,
Avago,HCPL-7800,,Arrow,HCPL-7800,0,1,,USD,9.07000,,,,,,,,,,,,,,,
Avago,459446,,element14 APAC,459446,215,1,Bulk,SGD,15.98000,15.27000,,,14.20000,,,12.79000,,,,,,,,
Avago,459446,,Farnell,459446,164,1,,GBP,13.49000,11.77000,,,5.50000,,4.96000,4.69000,,,,,,,,
Avago,HCPL-7800,,Avnet Express Asia,HCPL-7800,0,150,,USD,,,,,,,,,,,,,,,,
Avago,HCPL-7800,,Avnet Express Europe,HCPL-7800,0,50,,EUR,,,,7.98000,,,,,,,,,,,,
Avago,HCPL-7800,,Express Electronics,HCPL-7800,390,,,,,,,,,,,,,,,,,,,
Avago,HCPL-7800,,Cyclops Electronics,HCPL-7800,390,,,,,,,,,,,,,,,,,,,
Avago,71K0286,,Newark,71K0286,393,1,,USD,12.41000,11.88000,,9.24000,7.92000,,7.50000,7.13000,6.71000,,,,,,,
Avago,HFBR-2531Z,,Avnet Express,HFBR-2531Z,1234,1,,USD,10.40890,8.69570,,8.13580,7.70670,,,7.27420,,,,,,,,
Avago,516-2067-ND,,Digi-Key,516-2067-ND,619,1,Bulk,USD,13.28000,12.71300,9.88760,,8.47500,,8.05124,7.62750,7.20375,,,,,,,
Avago,630-HFBR-2531Z,,Mouser,630-HFBR-2531Z,316,,,USD,12.60000,11.30000,9.88000,,,,,,,,,,,,,
Avago,HFBR-2531Z,,Arrow,HFBR-2531Z,0,1,,USD,8.43000,,,,,,,,,,,,,,,
Avago,1247665,,element14 APAC,1247665,460,1,,SGD,18.40000,16.50000,14.42000,12.78000,12.37000,,,,,,,,,,,
Avago,1247665,,Farnell,1247665,128,1,,GBP,10.10000,7.57000,,,5.72000,,5.26000,5.01000,,,,,,,,
Avago,HFBR2531Z,,Schukat,HFBR2531Z,165,1,,EUR,8.90000,,,5.35000,,,,,,,,,,,,
Avago,11097392,,Distrelec,11097392,100,,,EUR,13.69000,,,,,,,,,,,,,,,
Avago,HFBR-2531Z,,Avnet Express Europe,HFBR-2531Z,0,200,,EUR,,,,,,8.58000,,,,,,,,,,
Avago,236745,,RS Components,236745,285,,,,,,,,,,,,,,,,,,,
Avago,HFBR-2531Z,,TME,HFBR-2531Z,1,1,,USD,14.56300,13.49200,,,,,,,,,,,,,,
Avago,HFBR2531Z,,LittleDiode,HFBR2531Z,0,,,,,,,,,,,,,,,,,,,
Avago,5082-2835-ND,,Digi-Key,5082-2835-ND,0,500,Bulk,USD,,,,,,,,1.47000,,,,,,,,
Avago,06F5686,,Newark,06F5686,258,1,,USD,6.92000,6.27000,4.96000,,4.18000,,3.92000,3.58000,3.40000,,,,,,,
Avago,HDSP-4832,,Avnet Express,HDSP-4832,3580,1,,USD,5.99750,4.44830,,3.80640,3.75490,,,3.58220,,,,,,,,
Avago,516-1236-5-ND,,Digi-Key,516-1236-5-ND,919,1,Tube,USD,7.05000,6.38900,,5.05820,4.25950,,3.99332,3.66052,3.39300,,,,3.19725,,,
Avago,630-HDSP-4832,,Mouser,630-HDSP-4832,472,,,USD,6.52000,5.87000,4.69000,,,,,,,,,,,,,
Avago,HDSP-4832,,Arrow,HDSP-4832,214,1,,USD,2.10000,,,,,,,,,,,,,,,
Avago,1003271,,Farnell,1003271,79,1,,GBP,4.34000,,,,2.57000,,,,2.51000,2.46000,2.41000,,,,,
Avago,1003271,,element14 APAC,1003271,29,1,Bulk,SGD,9.52000,8.57000,6.85000,,5.87000,,5.52000,,,,,,,,,
Avago,HDSP-4832,,Avnet Express Europe,HDSP-4832,0,120,,EUR,,,,,,,,,,,,,,,,
Avago,HDSP-4832,,Avnet Express Asia,HDSP-4832,0,360,,USD,,,,,,,,,,,,,,,,
Avago,17502618,,Distrelec,17502618,89,,,EUR,6.07000,,,,,,,,,,,,,,,
Avago,AVAG-0010994,,Chip One Stop,AVAG-0010994,4,1,,USD,8.53000,,,,,,,,,,,,,,,
Avago,2465689,,RS Components,2465689,2950,,,,,,,,,,,,,,,,,,,
Avago,1551402,,Jameco,1551402,60,,,USD,7.95000,6.95000,,,6.25000,,,,5.95000,,,,,,,
Avago,HFBR-4593-ND,,Digi-Key,HFBR-4593-ND,0,500,Bulk,USD,,,,,,,,2.92160,,,,,,,,
Avago,40K0064,,Newark,40K0064,8513,1,,USD,0.41000,0.29400,0.24000,,0.19200,,0.16200,0.13800,0.10800,,,,,,,
Avago,630-HLMP-3519,,Mouser,630-HLMP-3519,7578,,,USD,0.33000,0.26900,,,0.13800,,,,,,,,,,,
Avago,HLMP-3519,,Arrow,HLMP-3519,6690,1,,USD,0.10850,,,,,,,,,,,,,,,
Avago,516-1337-ND,,Digi-Key,516-1337-ND,6047,1,Bulk,USD,0.42000,0.30000,0.24480,,0.19580,,0.16524,0.14076,0.10800,,,,,,,
Avago,HLMP-3519,,Avnet Express,HLMP-3519,2207,1,,USD,0.43560,0.19800,,0.13530,0.11950,,,0.10070,,,,,,,,
Avago,1003218,,element14 APAC,1003218,8704,1,Bulk,SGD,0.17800,,,,,,,,,,,,,,,
Avago,1003218,,Farnell,1003218,3118,5,,GBP,,,,,0.20300,,,0.18600,0.17800,,,,,,,
Avago,HLMP-3519,,Avnet Express Europe,HLMP-3519,0,2000,,EUR,,,,,,,,,,0.12000,,,,,,
Avago,8415110P,,RS Components,8415110P,7800,,,,,,,,,,,,,,,,,,,
Avago,11074734,,Distrelec,11074734,21,,,EUR,0.29000,,,,,,,,,,,,,,,
Avago,1554662,,Jameco,1554662,6498,,,USD,,0.25000,,0.21000,0.19000,,,,,,,,,,,
Avago,HLMP3519,,Area51,HLMP3519,490,,,,,,,,,,,,,,,,,,,
Avago,HLMP-3519,,EDX,HLMP-3519,339,,,,,,,,,,,,,,,,,,,
Avago,HLMP-3519,,SIE,HLMP-3519,8400,,,,,,,,,,,,,,,,,,,
Avago,HFBR-4511-ND,,Digi-Key,HFBR-4511-ND,0,2000,Bulk,USD,,,,,,,,,,0.42000,,,,,,
Avago,HFBR4511,,LittleDiode,HFBR4511,90,,,,,,,,,,,,,,,,,,,
Avago,HFBR-4511,,4 Star Electronics,HFBR-4511,200,,,,,,,,,,,,,,,,,,,
Avago,HFBR-4511,,Area51,HFBR-4511,1,,,,,,,,,,,,,,,,,,,
Avago,HFBR-4511,,EarthTron,HFBR-4511,1795,,,,,,,,,,,,,,,,,,,
Avago,40K0053,,Newark,40K0053,9270,1,,USD,0.41000,0.29400,0.24000,,0.19200,,0.16200,0.13800,0.10800,,,,,,,
Avago,516-1335-ND,,Digi-Key,516-1335-ND,28274,1,Bulk,USD,0.41000,0.29400,0.24000,,0.19200,,0.16200,0.13800,0.10800,,,,,,,
Avago,HLMP-3316,,Avnet Express,HLMP-3316,13862,1,,USD,0.43560,0.19800,,0.13530,0.11950,,,0.10070,,,,,,,,
Avago,HLMP-3316,,Arrow,HLMP-3316,21002,1,,USD,0.11210,,,,,,,,,,,,,,,
Avago,630-HLMP-3316,,Mouser,630-HLMP-3316,9088,,,USD,0.33000,0.26900,,,0.13800,,,,,,,,,,,
Avago,1003216,,Farnell,1003216,7231,5,,GBP,,,,,0.17900,,,0.14700,0.14000,,,,,,,
Avago,1003216,,element14 APAC,1003216,3265,5,Bulk,SGD,,,,,0.37400,,,0.34000,0.25100,,,,,,,
Avago,HLMP-3316,,Avnet Express Europe,HLMP-3316,0,2000,,EUR,,,,,,,,,,0.09000,,,,,,
Avago,11074730,,Distrelec,11074730,21,,,EUR,0.29000,,,,,,,,,,,,,,,
Avago,1554566,,Jameco,1554566,19952,,,USD,,0.25000,,0.21000,0.19000,,,,,,,,,,,
Avago,HLMP3316,,LittleDiode,HLMP3316,2109,,,,,,,,,,,,,,,,,,,
Avago,HLMP-3316,,4 Star Electronics,HLMP-3316,500,,,,,,,,,,,,,,,,,,,
Avago,43K6989,,Newark,43K6989,21,1,,USD,3.97000,3.97000,3.97000,,3.40000,,3.40000,3.18000,3.17000,,,,,,,
Avago,HDSP-4850,,Arrow,HDSP-4850,2267,1,,USD,3.80000,,,,,,,,,,,,,,,
Avago,HDSP-4850,,Avnet Express,HDSP-4850,336,1,,USD,5.60250,4.09390,,3.47510,3.43220,,,3.26880,,,,,,,,
Avago,630-HDSP-4850,,Mouser,630-HDSP-4850,807,,,USD,6.66000,4.99000,,,4.04000,,,,,,,,,,,
Avago,516-1241-5-ND,,Digi-Key,516-1241-5-ND,98,1,Tube,USD,7.28000,6.06900,,5.09800,4.36970,,3.88416,3.52002,3.16540,,,,2.95120,,,
Avago,HDSP-4850,,Avnet Express Europe,HDSP-4850,1174,120,,EUR,,,,,,,,,,,,,,,,
Avago,1003270,,element14 APAC,1003270,309,1,Bulk,SGD,3.52000,,,,,,,,,,,,,,,
Avago,1003270,,Farnell,1003270,131,1,,GBP,3.76000,,,,3.04000,,,,2.18000,2.05000,1.96000,,,,,
Avago,17502611,,Distrelec,17502611,86,,,EUR,5.84000,,,,,,,,,,,,,,,
Avago,AVAG-0000263,,Chip One Stop,AVAG-0000263,1,1,,USD,6.29000,,,,,,,,,,,,,,,
Avago,1711385,,RS Components,1711385,649,,,,,,,,,,,,,,,,,,,
Avago,HDSP-4850,,SIE,HDSP-4850,449,,,,,,,,,,,,,,,,,,,
Avago,HDSP-4850,,4 Star Electronics,HDSP-4850,13,,,,,,,,,,,,,,,,,,,
Avago,HDSP-4850,,Select Technology,HDSP-4850,4,,,,,,,,,,,,,,,,,,,
Avago,40K0082,,Newark,40K0082,4538,1,,USD,0.50000,0.39000,0.32500,,0.28000,,0.25000,0.21500,0.16600,,,,,,,
Avago,HLMP-4740,,Avnet Express,HLMP-4740,18741,1,,USD,0.45100,0.26400,,0.19800,0.18260,,,0.16500,,,,,,,,
Avago,HLMP-4740,,Future Electronics,HLMP-4740,0,75,,USD,,,,,,,,,,,0.15110,,,,,
Avago,630-HLMP-4740,,Mouser,630-HLMP-4740,3266,,,USD,0.50000,0.32500,,,0.21500,,,,,,,,,,,
Avago,1003234,,Farnell,1003234,12276,5,,GBP,,,,,,,,,0.10300,,,,0.07970,,,
Avago,516-1327-ND,,Digi-Key,516-1327-ND,2735,1,Bulk,USD,0.50000,0.39000,0.32520,,0.28000,,0.25000,0.21500,0.16600,,,,,,,
Avago,HLMP-4740,,Arrow,HLMP-4740,0,1,,USD,0.18260,,,,,,,,,,,,,,,
Avago,1003234,,element14 APAC,1003234,8155,5,Bulk,SGD,,,,,,,,,0.24500,,,,0.22200,,,
Avago,HLMP-4740,,Avnet Express Europe,HLMP-4740,6145,2000,,EUR,,,,,,,,,,0.12000,,,,,,
Avago,AVAG-0000375,,Chip One Stop,AVAG-0000375,2154,5,,USD,,,0.23800,0.23300,0.22800,,,0.19000,0.18100,,,,,,,
Avago,HLMP-4740,,Avnet Express Asia,HLMP-4740,0,10000,,USD,,,,,,,,,,,,,,0.07150,,
Avago,17505365,,Distrelec,17505365,266,,,EUR,0.42000,,,,,,,,,,,,,,,
Avago,1808467,,RS Components,1808467,11460,,,,,,,,,,,,,,,,,,,
Avago,HLMP4740,,LittleDiode,HLMP4740,433,,,,,,,,,,,,,,,,,,,
Avago,HLMP-4740,,SIE,HLMP-4740,11275,,,,,,,,,,,,,,,,,,,
Avago,HLMP4740,,Express Electronics,HLMP4740,8,,,,,,,,,,,,,,,,,,,
Avago,40K0081,,Newark,40K0081,4316,1,,USD,0.50000,0.39000,0.32500,,0.28000,,0.25000,0.21500,0.16600,,,,,,,
Avago,HLMP-4719,,Avnet Express,HLMP-4719,9052,1,,USD,0.55000,0.28600,,0.20350,0.18150,,,0.15400,,,,,,,,
Avago,HLMP-4719,,Avnet Express Europe,HLMP-4719,20508,2000,,EUR,,,,,,,,,,0.12000,,,,0.08700,,
Avago,1003233,,Farnell,1003233,14264,5,,GBP,,,,,,,,,0.10500,,,,0.08000,,,
Avago,516-1326-ND,,Digi-Key,516-1326-ND,3867,1,Bulk,USD,0.50000,0.39000,0.32520,,0.28000,,0.25000,0.21500,0.16600,,,,,,,
Avago,630-HLMP-4719,,Mouser,630-HLMP-4719,3157,,,USD,0.50000,0.32500,,,0.21500,,,,,,,,,,,
Avago,HLMP-4719,,Arrow,HLMP-4719,3117,1,,USD,0.18260,,,,,,,,,,,,,,,
Avago,1003233,,element14 APAC,1003233,3217,1,Bulk,SGD,0.73000,0.47400,,,0.31400,,,,0.23400,0.20400,,,,,,
Avago,HLMP-4719,,Avnet Express Asia,HLMP-4719,6000,2000,,USD,,,,,,,,,,0.08340,,,,0.07700,,
Avago,AVAG-0000374,,Chip One Stop,AVAG-0000374,1387,5,,USD,,,0.33100,0.32400,0.28500,,,0.21900,0.16900,,,,,,,
Avago,17505357,,Distrelec,17505357,72,,,EUR,0.39000,,,,,,,,,,,,,,,
Avago,590569,,RS Components,590569,1325,,,,,,,,,,,,,,,,,,,
Avago,253825,,Jameco,253825,3151,,,USD,,0.39000,,0.35000,0.32000,,,,,,,,,,,
Avago,42K5949,,Newark,42K5949,5061,1,,USD,0.60000,0.46800,0.39000,,0.33600,,0.30000,0.25800,0.20000,,,,,,,
Avago,HLMP-3750,,Avnet Express,HLMP-3750,20119,1,,USD,0.63890,0.33440,,0.23890,0.21620,,,0.18290,,,,,,,,
Avago,630-HLMP-3750,,Mouser,630-HLMP-3750,7628,,,USD,0.60000,0.39000,,,0.25800,,,,,,,,,,,
Avago,516-1345-ND,,Digi-Key,516-1345-ND,4900,1,Bulk,USD,0.60000,0.46800,0.39000,,0.33600,,0.30000,0.25800,0.19920,,,,,,,
Avago,HLMP-3750,,Arrow,HLMP-3750,4129,1,,USD,0.21870,,,,,,,,,,,,,,,
Avago,1003224,,Farnell,1003224,6236,5,,GBP,,,,,0.25000,,0.20800,0.20300,0.19300,,,,,,,
Avago,1003224,,element14 APAC,1003224,5040,1,Bulk,SGD,0.87600,0.56900,,,0.37700,,,,0.28000,0.24500,,,,,,
Avago,AVAG-0000365,,Chip One Stop,AVAG-0000365,1282,5,,USD,,,0.42900,0.42000,0.41100,,,0.34300,0.32600,,,,,,,
Avago,HLMP-3750,,Avnet Express Europe,HLMP-3750,0,2000,,EUR,,,,,,,,,,0.21000,,,,,,
Avago,HLMP-3750,,Avnet Express Asia,HLMP-3750,0,10000,,USD,,,,,,,,,,,,,,0.07150,,
Avago,17504947,,Distrelec,17504947,105,,,EUR,0.43000,,,,,,,,,,,,,,,
Avago,590519,,RS Components,590519,1685,,,,,,,,,,,,,,,,,,,
Avago,HLMP3750,,AED Electronics,HLMP3750,10,,,,,,,,,,,,,,,,,,,
Avago,HFBR-1522-ND,,Digi-Key,HFBR-1522-ND,0,200,Bulk,USD,,,,,,8.14000,,,,,,,,,,
Avago,HFBR-1522,,EarthTron,HFBR-1522,387,,,,,,,,,,,,,,,,,,,
Avago,HCPL-2731,,Avnet Express,HCPL-2731,1422,1,,USD,3.59480,2.58410,,2.32570,2.26060,,,2.05490,,,,,,,,
Avago,516-1016-5-ND,,Digi-Key,516-1016-5-ND,343,1,Tube,USD,4.68000,3.90200,3.27720,,2.80910,,2.49696,2.26288,2.03490,,,,,,,
Avago,HCPL-2731,,Arrow,HCPL-2731,282,1,,USD,2.30000,,,,,,,,,,,,,,,
Avago,HCPL-2731,,Avnet Express Europe,HCPL-2731,0,50,,EUR,,,,2.47000,,,,,,,,,,,,
Avago,1550400,,Jameco,1550400,268,,,USD,,,1.40000,1.26000,,,,,,,,,,,,
Avago,HCPL-2232,,Avnet Express,HCPL-2232,2548,1,,USD,9.50160,7.88250,,7.35340,6.98180,,,6.55630,,,,,,,,
Avago,HCPL-2232,,Arrow,HCPL-2232,9349,1,,USD,7.64000,,,,,,,,,,,,,,,
Avago,630-HCPL-2232,,Mouser,630-HCPL-2232,153,,,USD,,,,,7.61000,,7.23000,,,,,,,,,
Avago,516-1063-5-ND,,Digi-Key,516-1063-5-ND,320,1,Tube,USD,11.93000,11.42300,8.88480,,7.61550,,7.23472,6.85396,6.47318,,,,,,,
Avago,232932,,element14 APAC,232932,257,1,Bulk,SGD,10.04000,9.58000,,,8.93000,,,8.26000,,,,,,,,
Avago,232932,,Farnell,232932,222,1,,GBP,9.45000,,8.15000,,5.15000,,4.91000,4.65000,,,,,,,,
Avago,HCPL-2232,,Avnet Express Europe,HCPL-2232,0,50,,EUR,,,,5.96000,,,,,,,,,,,,
Avago,1550047,,Jameco,1550047,8706,,,USD,14.65000,13.45000,,,12.25000,,,,,,,,,,,
Avago,HCPL-2232,,Freelance Electronics,HCPL-2232,0,,,USD,2.50000,,,,,,,,,,,,,,,
Avago,HCPL-2232,,Angenic,HCPL-2232,13,,,,,,,,,,,,,,,,,,,
Avago,HCPL2232,,LittleDiode,HCPL2232,1,,,,,,,,,,,,,,,,,,,
Avago,HCPL-2232,,EDX,HCPL-2232,27,,,,,,,,,,,,,,,,,,,
Avago,HCPL-2232,,Component Electronics,HCPL-2232,55,,,,,,,,,,,,,,,,,,,
Avago,ATI1N5711-ND,,Digi-Key,ATI1N5711-ND,0,500,Bulk,USD,,,,,,,,1.47000,,,,,,,,
Avago,43K8802,,Newark,43K8802,635,1,,USD,3.00000,2.50000,2.10000,,1.80000,,1.60000,1.45000,1.33000,,,,,,,
Avago,HDSP-5503,,Avnet Express,HDSP-5503,2139,1,,USD,2.86000,1.81500,,1.54000,1.46300,,,1.40250,,,,,,,,
Avago,1003294,,element14 APAC,1003294,8445,1,Bulk,SGD,4.09000,3.07000,,,2.48000,,2.25000,2.07000,,,,,,,,
Avago,516-1213-5-ND,,Digi-Key,516-1213-5-ND,1157,1,Tube,USD,3.00000,2.50000,,2.10000,1.80000,,1.60000,1.45000,1.33000,,,,1.24000,,,
Avago,630-HDSP-5503,,Mouser,630-HDSP-5503,714,,,USD,2.80000,2.10000,,,1.70000,,,,,,,,,,,
Avago,HDSP-5503,,Arrow,HDSP-5503,0,1,,USD,1.59000,,,,,,,,,,,,,,,
Avago,1003294,,Farnell,1003294,2841,1,,GBP,1.34000,,,,1.08000,,1.02000,0.65100,0.63800,,,,,,,
Avago,HDSP-5503,,Avnet Express Europe,HDSP-5503,0,320,,EUR,,,,,,,,,,,,,,,,
Avago,HDSP-5503,,Avnet Express Asia,HDSP-5503,0,1280,,USD,,,,,,,,,,,,,,,,
Avago,17550124,,Distrelec,17550124,302,,,EUR,2.70000,,,,,,,,,,,,,,,
Avago,AVAG-0000269,,Chip One Stop,AVAG-0000269,91,5,,USD,,,1.69000,,,,,,,,,,,,,
Avago,587951,,RS Components,587951,4380,,,,,,,,,,,,,,,,,,,
Avago,HDSP5503,,LittleDiode,HDSP5503,174,,,,,,,,,,,,,,,,,,,
Avago,40K0072,,Newark,40K0072,0,1,,USD,0.67500,0.52500,0.43500,,0.37500,,0.33000,0.28500,0.22500,,,,,,,
Avago,HLMP-3680,,Avnet Express,HLMP-3680,1763,1,,USD,0.75900,0.40150,,0.28880,0.26710,,,0.22530,,,,,,,,
Avago,HLMP-3680,,Arrow,HLMP-3680,2890,1,,USD,0.27480,,,,,,,,,,,,,,,
Avago,1003222,,Farnell,1003222,5077,5,,GBP,,,0.32000,,0.28000,,0.26000,0.23000,,,,,,,,
Avago,516-1343-ND,,Digi-Key,516-1343-ND,1647,1,Bulk,USD,0.69000,0.53600,0.44360,,0.38250,,0.33660,0.29070,0.22500,,,,,,,
Avago,630-HLMP-3680,,Mouser,630-HLMP-3680,1494,,,USD,0.67000,0.43500,,,0.28500,,,,,,,,,,,
Avago,HLMP-3680,,Avnet Express Europe,HLMP-3680,4000,2000,,EUR,,,,,,,,,,0.28000,,0.20300,,,,
Avago,1003222,,element14 APAC,1003222,210,1,Bulk,SGD,0.97800,0.63500,,,0.41600,,,,0.31800,0.29600,,,,,,
Avago,11074736,,Distrelec,11074736,21,,,EUR,0.62000,,,,,,,,,,,,,,,
Avago,AVAG-0000364,,Chip One Stop,AVAG-0000364,9,5,,USD,,,,,,,,,,,,,,,,
Avago,1554734,,Jameco,1554734,2746,,,USD,,,0.54000,0.49000,,,,,,,,,,,,
Avago,HLMP3680,,LittleDiode,HLMP3680,43,,,,,,,,,,,,,,,,,,,
Avago,HLMP-3680,,Angenic,HLMP-3680,10,,,,,,,,,,,,,,,,,,,
Avago,HLMP-3680,,SIE,HLMP-3680,1600,,,,,,,,,,,,,,,,,,,
Avago,HLMP-3680,,EDX,HLMP-3680,824,,,,,,,,,,,,,,,,,,,
Avago,39K9989,,Newark,39K9989,11282,1,,USD,0.16700,0.16700,0.16700,,0.16700,,0.16700,0.16700,0.14300,,,,,,,
Avago,HLMP-K150,,Avnet Express,HLMP-K150,17493,1,,USD,0.55000,0.28600,,0.20350,0.18150,,,0.15400,,,,,,,,
Avago,630-HLMP-K150,,Mouser,630-HLMP-K150,6815,,,USD,0.50000,0.32500,,,0.21500,,,,,,,,,,,
Avago,HLMP-K150,,Arrow,HLMP-K150,5791,1,,USD,0.18260,,,,,,,,,,,,,,,
Avago,516-1311-ND,,Digi-Key,516-1311-ND,4802,1,Bulk,USD,0.51000,0.39800,0.33160,,0.28560,,0.25500,0.21930,0.16600,,,,,,,
Avago,1003206,,Farnell,1003206,4780,5,,GBP,,,,,0.13400,,,0.11800,0.11600,,0.10000,,,,,
Avago,1003206,,element14 APAC,1003206,2634,5,Bulk,SGD,,,,,,,,,,,,,,,,
Avago,HLMP-K150,,Avnet Express Europe,HLMP-K150,4733,2000,,EUR,,,,,,,,,,0.15400,,0.13090,,,,
Avago,HLMP-K150,,Avnet Express Asia,HLMP-K150,0,10000,,USD,,,,,,,,,,,,,,0.07150,,
Avago,AVAG-0000453,,Chip One Stop,AVAG-0000453,45,5,,USD,,,0.33300,,,,,,,,,,,,,
Avago,11039992,,Distrelec,11039992,0,,,EUR,0.39000,,,,,,,,,,,,,,,
Avago,826515,,RS Components,826515,4465,,,,,,,,,,,,,,,,,,,
Avago,HLMP-K150,,Freelance Electronics,HLMP-K150,96,,,USD,0.12000,,,,,,,,,,,,,,,
Avago,HLMP-K150,,ExcessParts.Net,HLMP-K150,33,,,USD,0.06000,,,,,,,,,,,,,,,
Avago,HLMP-K150,,Angenic,HLMP-K150,150,,,,,,,,,,,,,,,,,,,
Avago,HLMP-K150,,SIE,HLMP-K150,8300,,,,,,,,,,,,,,,,,,,
Avago,HCPL-4503,,Avnet Express,HCPL-4503,850,550,,USD,,,,,,,,,1.37040,,,,,,,
Avago,HCPL-4503,,Arrow,HCPL-4503,328,1,,USD,1.63000,,,,,,,,,,,,,,,
Avago,516-1032-5-ND,,Digi-Key,516-1032-5-ND,204,1,Tube,USD,3.13000,2.60800,2.19040,,1.87740,,1.66880,1.51236,1.38719,,,,,,,
Avago,HCPL-4503,,Avnet Express Asia,HCPL-4503,0,1000,,USD,,,,,,,,,1.21880,,,,,,,
Avago,HCPL-4503,,Avnet Express Europe,HCPL-4503,0,100,,EUR,,,,,1.46000,,,,,,,,,,,
Avago,HCPL4503,,LittleDiode,HCPL4503,150,,,,,,,,,,,,,,,,,,,
Avago,HCPL-4503,,EarthTron,HCPL-4503,122,,,,,,,,,,,,,,,,,,,
Avago,43K7043,,Newark,43K7043,1,1,,USD,1.42000,1.42000,1.42000,,1.22000,,1.22000,1.22000,1.14000,,,,,,,
Avago,HLMP-2350,,Avnet Express,HLMP-2350,3331,1,,USD,2.57130,1.59890,,1.35280,1.26320,,,1.20180,,,,,,,,
Avago,HLMP-2350,,Arrow,HLMP-2350,2005,1,,USD,1.45000,,,,,,,,,,,,,,,
Avago,630-HLMP-2350,,Mouser,630-HLMP-2350,613,,,USD,2.76000,1.95000,,,1.53000,,,,,,,,,,,
Avago,516-1246-5-ND,,Digi-Key,516-1246-5-ND,471,1,Tube,USD,3.03000,2.68800,,1.99420,1.73400,,1.56060,1.38720,1.16875,,,,1.06250,,,
Avago,1003248,,element14 APAC,1003248,473,1,Bulk,SGD,4.03000,2.85000,,,2.23000,,,1.85000,1.69000,,,,,,,
Avago,1003248,,Farnell,1003248,403,1,,GBP,1.96000,,1.74000,,1.59000,,1.54000,0.83100,,,,,,,,
Avago,HLMP-2350,,Avnet Express Europe,HLMP-2350,640,160,,EUR,,,,,,,,,,,,,,,,
Avago,AVAG-0010999,,Chip One Stop,AVAG-0010999,215,1,,USD,2.67000,2.51000,,2.09000,1.99000,1.85000,,,,,,,,,,
Avago,17552342,,Distrelec,17552342,0,,,EUR,2.30000,,,,,,,,,,,,,,,
Avago,450705,,RS Components,450705,20,,,,,,,,,,,,,,,,,,,
Avago,1554195,,Jameco,1554195,1905,,,USD,3.09000,2.75000,,,2.49000,,,,,,,,,,,
Avago,HLMP-2350,,Quest,HLMP-2350,2,,,USD,2.40000,,,,,,,,,,,,,,,
Avago,HLMP2350,,LittleDiode,HLMP2350,367,,,,,,,,,,,,,,,,,,,
Avago,HLMP-2350,,4 Star Electronics,HLMP-2350,79,,,,,,,,,,,,,,,,,,,
Avago,HLMP-2350,,Cyclops Electronics,HLMP-2350,6,,,,,,,,,,,,,,,,,,,
Avago,HLMP-2350,,Harry Krantz,HLMP-2350,800,,,,,,,,,,,,,,,,,,,
Avago,HLMP-2350,,EarthTron,HLMP-2350,160,,,,,,,,,,,,,,,,,,,
Avago,HLMP-2350,,EDX,HLMP-2350,464,,,,,,,,,,,,,,,,,,,
Avago,HLMP-2350,,Express Electronics,HLMP-2350,6,,,,,,,,,,,,,,,,,,,
Avago,HCPL-2531,,Avnet Express,HCPL-2531,2566,1,,USD,2.96270,2.07460,,1.87220,1.81300,,,1.65810,,,,,,,,
Avago,516-1044-5-ND,,Digi-Key,516-1044-5-ND,789,1,Tube,USD,3.66000,3.05000,2.56200,,2.19600,,1.95200,1.76900,1.62260,,,,,,,
Avago,HCPL-2531,,Arrow,HCPL-2531,119,1,,USD,1.83000,,,,,,,,,,,,,,,
Avago,HCPL-2531,,Avnet Express Asia,HCPL-2531,0,600,,USD,,,,,,,,,,,,,,,,
Avago,HCPL-2531,,Avnet Express Europe,HCPL-2531,0,50,,EUR,,,,1.82530,,,,,,,,,,,,
Avago,1550151,,Jameco,1550151,113,,,USD,,,1.43000,1.29000,,,,,,,,,,,,
Avago,HCPL-2531,,SIE,HCPL-2531,8,,,,,,,,,,,,,,,,,,,
Avago,92F656,,Newark,92F656,883,1,,USD,0.13400,0.13400,0.13400,,0.13400,,0.13400,0.13400,0.11500,,,,,,,
Avago,516-1769-ND,,Digi-Key,516-1769-ND,11137,1,Bulk,USD,0.54000,0.39200,0.32000,,0.25600,,0.21600,0.18400,0.14400,,,,,,,
Avago,630-HLMP-NL06,,Mouser,630-HLMP-NL06,7060,,,USD,0.44000,0.35900,,,0.18400,,,,,,,,,,,
Avago,HLMP-NL06,,Avnet Express,HLMP-NL06,0,8000,,USD,,,,,,,,,,,,,,,,
Avago,HLMP-NL06,,Arrow,HLMP-NL06,2550,1,,USD,0.14460,,,,,,,,,,,,,,,
Avago,1003135,,Farnell,1003135,5115,5,,GBP,,,,,0.19200,,0.14500,0.13000,0.12400,,,,,,,
Avago,1003135,,element14 APAC,1003135,1875,5,Bulk,SGD,,0.60200,,,0.48300,,,0.43200,,,,,,,,
Avago,HLMP-NL06,,Avnet Express Europe,HLMP-NL06,0,2000,,EUR,,,,,,,,,,0.14000,,,,,,
Avago,11097445,,Distrelec,11097445,69,,,EUR,0.33000,,,,,,,,,,,,,,,
Avago,8134883P,,RS Components,8134883P,5525,,,,,,,,,,,,,,,,,,,
Avago,HLMP-NL06,,SIE,HLMP-NL06,10500,,,,,,,,,,,,,,,,,,,
Avago,HLMP-NL06,,Express Electronics,HLMP-NL06,349,,,,,,,,,,,,,,,,,,,
Avago,06F5694,,Newark,06F5694,0,1,,USD,3.00000,2.50000,2.10000,,1.80000,,1.60000,1.45000,1.33000,,,,,,,
Avago,1003293,,Farnell,1003293,9688,1,,GBP,1.29000,,,,1.06000,,0.98000,0.63000,0.59100,,,,,,,
Avago,1003293,,element14 APAC,1003293,8262,1,Bulk,SGD,4.09000,3.07000,,,2.48000,,2.25000,2.07000,,,,,,,,
Avago,HDSP-5501,,Avnet Express,HDSP-5501,92,1,,USD,2.86000,1.81500,,1.54000,1.46300,,,1.40250,,,,,,,,
Avago,HDSP-5501,,Arrow,HDSP-5501,2330,1,,USD,1.59000,,,,,,,,,,,,,,,
Avago,516-1212-5-ND,,Digi-Key,516-1212-5-ND,1926,1,Tube,USD,3.06000,2.55000,,2.14200,1.83600,,1.63200,1.47900,1.33000,,,,1.24000,,,
Avago,HDSP-5501,,Avnet Express Europe,HDSP-5501,7095,320,,EUR,,,,,,,,,,,,,,,,
Avago,630-HDSP-5501,,Mouser,630-HDSP-5501,483,,,USD,2.80000,2.10000,,,1.70000,,,,,,,,,,,
Avago,AVAG-0000268,,Chip One Stop,AVAG-0000268,297,5,,USD,,,1.69000,,1.41000,,,,,,,,,,,
Avago,17552144,,Distrelec,17552144,121,,,EUR,2.70000,,,,,,,,,,,,,,,
Avago,587945,,RS Components,587945,2394,,,,,,,,,,,,,,,,,,,
Avago,1551445,,Jameco,1551445,2214,,,USD,3.39000,3.05000,,,2.75000,,,,,,,,,,,
Avago,HDSP5501,,LittleDiode,HDSP5501,13,,,,,,,,,,,,,,,,,,,
Avago,HDSP-5501,,SIE,HDSP-5501,285,,,,,,,,,,,,,,,,,,,
Avago,HDSP-5501,,Rotakorn,HDSP-5501,138,,,,,,,,,,,,,,,,,,,
Avago,HDSP5501,,Euro-Tech,HDSP5501,6,,,,,,,,,,,,,,,,,,,
Avago,6N139,,Avnet Express,6N139,1889,1,,USD,1.75800,1.14300,,1.01870,0.95980,,,0.89600,,,,,,,,
Avago,516-1009-5-ND,,Digi-Key,516-1009-5-ND,2616,1,Tube,USD,2.23000,1.97900,1.46840,,1.27700,,1.14932,1.02164,0.86075,,,,,,,
Avago,6N139,,Arrow,6N139,337,1,,USD,1.05000,,,,,,,,,,,,,,,
Avago,6N139,,Avnet Express Europe,6N139,0,100,,EUR,,,,,0.88970,,,,,,,,,,,
Avago,WI-491-2-20706,,PriceLynx,WI-491-2-20706,34,,,,,,,,,,,,,,,,,,,
Avago,6N139,,SIE,6N139,24150,,,,,,,,,,,,,,,,,,,
Avago,6N139,,4 Star Electronics,6N139,4,,,,,,,,,,,,,,,,,,,
Avago,6N139,,Cyclops Electronics,6N139,21,,,,,,,,,,,,,,,,,,,
Avago,HFBR-1524-ND,,Digi-Key,HFBR-1524-ND,0,200,Bulk,USD,,,,,,8.14000,,,,,,,,,,
Avago,2407009P,,RS Components,2407009P,13,,,,,,,,,,,,,,,,,,,
Avago,HFBR-1524,,4 Star Electronics,HFBR-1524,71,,,,,,,,,,,,,,,,,,,
Avago,40K0074,,Newark,40K0074,3450,1,,USD,0.60000,0.46800,0.39000,,0.33600,,0.30000,0.25800,0.20000,,,,,,,
Avago,HLMP-3850,,Avnet Express,HLMP-3850,6371,1,,USD,0.63890,0.33440,,0.23890,0.21620,,,0.18290,,,,,,,,
Avago,516-1346-ND,,Digi-Key,516-1346-ND,2544,1,Bulk,USD,0.60000,0.46800,0.39000,,0.33600,,0.30000,0.25800,0.19920,,,,,,,
Avago,630-HLMP-3850,,Mouser,630-HLMP-3850,774,,,USD,0.60000,0.39000,,,0.25800,,,,,,,,,,,
Avago,HLMP-3850,,Arrow,HLMP-3850,0,1,,USD,0.21870,,,,,,,,,,,,,,,
Avago,1003225,,element14 APAC,1003225,430,5,Bulk,SGD,,,0.53600,,,,,,,,,,,,,
Avago,1003225,,Farnell,1003225,146,5,,GBP,,,,,0.30000,,0.29000,0.27000,0.26000,,,,,,,
Avago,HLMP-3850,,Avnet Express Asia,HLMP-3850,0,10000,,USD,,,,,,,,,,,,,,0.07150,,
Avago,HLMP-3850,,Avnet Express Europe,HLMP-3850,0,2000,,EUR,,,,,,,,,,0.26000,,,,,,
Avago,17504954,,Distrelec,17504954,173,,,EUR,0.52000,,,,,,,,,,,,,,,
Avago,AVAG-0000367,,Chip One Stop,AVAG-0000367,99,5,,USD,,,0.39700,0.38900,,,,,,,,,,,,
Avago,826464,,RS Components,826464,1075,,,,,,,,,,,,,,,,,,,
Avago,HLMP-3850,,Quest,HLMP-3850,872,,,USD,0.65000,,,,,,,,,,,,,,,
Avago,HLMP-3850,,SIE,HLMP-3850,2700,,,,,,,,,,,,,,,,,,,
Avago,40K0025,,Newark,40K0025,4890,1,,USD,0.54700,0.39200,0.32000,,0.25600,,0.21600,0.18400,0.14400,,,,,,,
Avago,HLMP-1340,,Avnet Express,HLMP-1340,9178,1,,USD,0.51040,0.24640,,0.17160,0.15220,,,0.12870,,,,,,,,
Avago,630-HLMP-1340,,Mouser,630-HLMP-1340,10767,,,USD,0.44000,0.35900,,,0.18400,,,,,,,,,,,
Avago,516-1299-ND,,Digi-Key,516-1299-ND,8324,1,Bulk,USD,0.54000,0.39200,0.32000,,0.25600,,0.21600,0.18400,0.14400,,,,,,,
Avago,HLMP-1340,,Arrow,HLMP-1340,3813,1,,USD,0.14460,,,,,,,,,,,,,,,
Avago,1003201,,element14 APAC,1003201,6065,5,Bulk,SGD,,,0.26600,,,,,,,,,,,,,
Avago,1003201,,Farnell,1003201,4918,5,,GBP,,,,,,,,,0.10800,,,,0.08500,0.07300,,
Avago,AVAG-0000312,,Chip One Stop,AVAG-0000312,1413,5,,USD,,,0.23800,0.23300,0.22800,,,0.19000,0.18100,,,,,,,
Avago,HLMP-1340,,Avnet Express Europe,HLMP-1340,0,2000,,EUR,,,,,,,,,,0.12200,,,,,,
Avago,HLMP-1340,,Avnet Express Asia,HLMP-1340,0,10000,,USD,,,,,,,,,,,,,,0.07150,,
Avago,826622P,,RS Components,826622P,9614,,,,,,,,,,,,,,,,,,,
Avago,17506745,,Distrelec,17506745,102,,,EUR,0.33000,,,,,,,,,,,,,,,
Avago,HLMP-1340,,Freelance Electronics,HLMP-1340,8000,,,USD,0.05000,,,,,,,,,,,,,,,
Avago,HLMP1340,,LittleDiode,HLMP1340,42,,,,,,,,,,,,,,,,,,,
Avago,HLMP-1340,,SIE,HLMP-1340,26800,,,,,,,,,,,,,,,,,,,
Avago,HCPL-7710,,Avnet Express,HCPL-7710,585,1,,USD,5.25780,4.13490,,3.71920,3.62880,,,3.27580,,,,,,,,
Avago,516-1114-5-ND,,Digi-Key,516-1114-5-ND,253,1,Tube,USD,6.77000,6.13000,4.85280,,4.08650,,3.83112,3.51186,3.25520,,,,,,,
Avago,HCPL-7710,,Arrow,HCPL-7710,32,1,,USD,3.77000,,,,,,,,,,,,,,,
Avago,HCPL-7710,,Avnet Express Europe,HCPL-7710,0,50,,EUR,,,,3.96000,,,,,,,,,,,,
Avago,1550784,,Jameco,1550784,-2,,,USD,7.25000,6.65000,,,6.05000,,,,,,,,,,,
Avago,HCPL7710,,EDX,HCPL7710,46,,,,,,,,,,,,,,,,,,,
Avago,43K8803,,Newark,43K8803,440,1,,USD,3.30000,2.75000,2.31000,,1.98000,,1.76000,1.60000,1.47000,,,,,,,
Avago,HDSP-7501,,Avnet Express,HDSP-7501,1579,1,,USD,3.10560,1.98890,,1.68550,1.60770,,,1.53980,,,,,,,,
Avago,1003273,,element14 APAC,1003273,4780,1,Bulk,SGD,4.50000,3.37000,,,2.73000,,2.47000,2.28000,,,,,,,,
Avago,516-1202-5-ND,,Digi-Key,516-1202-5-ND,775,1,Tube,USD,3.37000,2.80500,2.35640,,2.01960,,1.79520,1.62690,1.46300,,,,,,,
Avago,630-HDSP-7501,,Mouser,630-HDSP-7501,307,,,USD,3.08000,2.31000,,,1.87000,,,,,,,,,,,
Avago,HDSP-7501,,Arrow,HDSP-7501,0,1,,USD,1.75000,,,,,,,,,,,,,,,
Avago,1003273,,Farnell,1003273,0,1,,GBP,1.11000,,,,1.03000,,,,1.02000,0.95500,,0.93000,,,,
Avago,HDSP-7501,,Avnet Express Europe,HDSP-7501,0,200,,EUR,,,,,,1.10000,,,,,,,,,,
Avago,17550107,,Distrelec,17550107,80,,,EUR,2.70000,,,,,,,,,,,,,,,
Avago,AVAG-0000278,,Chip One Stop,AVAG-0000278,1,1,,USD,2.02000,,,,,,,,,,,,,,,
Avago,1711414,,RS Components,1711414,3422,,,,,,,,,,,,,,,,,,,
Avago,HDSP7501,,LittleDiode,HDSP7501,200,,,,,,,,,,,,,,,,,,,
Avago,HDSP-7501,,EarthTron,HDSP-7501,177,,,,,,,,,,,,,,,,,,,
Avago,HDSP-7501,,Quest,HDSP-7501,0,,,,,,,,,,,,,,,,,,,
Avago,HDSP-7501,,NetSource Technology,HDSP-7501,9,,,,,,,,,,,,,,,,,,,
Avago,HDSP-7501,,SIE,HDSP-7501,890,,,,,,,,,,,,,,,,,,,
Avago,HFBR-2524-ND,,Digi-Key,HFBR-2524-ND,0,200,Bulk,USD,,,,,,8.14000,,,,,,,,,,
Avago,2407015P,,RS Components,2407015P,134,,,,,,,,,,,,,,,,,,,
Avago,HFBR-2524,,4 Star Electronics,HFBR-2524,48,,,,,,,,,,,,,,,,,,,
Avago,54K2750,,Newark,54K2750,0,1,,USD,1.84000,1.84000,1.84000,,1.58000,,1.58000,1.47000,1.47000,,,,,,,
Avago,HDSP-7503,,Avnet Express,HDSP-7503,3891,1,,USD,2.87180,2.00380,,1.80900,1.75090,,,1.60270,,,,,,,,
Avago,1003274,,element14 APAC,1003274,5377,1,Bulk,SGD,4.50000,3.37000,,,2.73000,,2.47000,2.28000,,,,,,,,
Avago,HDSP-7503,,Avnet Express Europe,HDSP-7503,4575,200,,EUR,,,,,,1.10000,,,0.79750,0.74250,,,,,,
Avago,630-HDSP-7503,,Mouser,630-HDSP-7503,978,,,USD,3.08000,2.31000,,,1.87000,,,,,,,,,,,
Avago,516-1203-5-ND,,Digi-Key,516-1203-5-ND,340,1,Tube,USD,3.37000,2.80500,2.35640,,2.01960,,1.79520,1.62690,1.46300,,,,,,,
Avago,HDSP-7503,,Arrow,HDSP-7503,0,1,,USD,1.75000,,,,,,,,,,,,,,,
Avago,1003274,,Farnell,1003274,200,1,,GBP,1.24000,,,,1.09000,,,,1.01000,0.94600,,0.92100,,,,
Avago,HDSP-7503,,Avnet Express Asia,HDSP-7503,0,1200,,USD,,,,,,,,,,,,,,,,
Avago,17550108,,Distrelec,17550108,6,,,EUR,2.70000,,,,,,,,,,,,,,,
Avago,1711408,,RS Components,1711408,2137,,,,,,,,,,,,,,,,,,,
Avago,HDSP7503,,LittleDiode,HDSP7503,133,,,,,,,,,,,,,,,,,,,
Avago,43K7060,,Newark,43K7060,64,1,,USD,1.25000,1.25000,1.25000,,1.08000,,1.08000,1.08000,1.00000,,,,,,,
Avago,HLMP-2855,,Arrow,HLMP-2855,2122,1,,USD,1.28000,,,,,,,,,,,,,,,
Avago,HLMP-2855,,Avnet Express,HLMP-2855,1328,1,,USD,2.35130,1.44380,,1.21950,1.12620,,,1.06600,,,,,,,,
Avago,516-1255-5-ND,,Digi-Key,516-1255-5-ND,1337,1,Tube,USD,2.68000,2.37200,,1.75960,1.53000,,1.37700,1.22400,1.03125,,,,0.93750,,,
Avago,630-HLMP-2855,,Mouser,630-HLMP-2855,1081,,,USD,2.43000,1.72000,,,1.35000,,,,,,,,,,,
Avago,HLMP-2855,,Avnet Express Europe,HLMP-2855,1140,320,,EUR,,,,,,,,,,,,,,,,
Avago,1003263,,element14 APAC,1003263,550,1,Bulk,SGD,3.55000,2.51000,,,1.97000,,,1.64000,1.50000,,,,,,,
Avago,1003263,,Farnell,1003263,206,1,,GBP,1.84000,,1.63000,,1.46000,,1.34000,0.76700,,,,,,,,
Avago,AVAG-0014268,,Chip One Stop,AVAG-0014268,116,1,,USD,2.84000,2.67000,,2.23000,2.12000,,,,,,,,,,,
Avago,HLMP-2855,,Avnet Express Asia,HLMP-2855,0,960,,USD,,,,,,,,,,,,,,,,
Avago,17552466,,Distrelec,17552466,17,,,EUR,2.23000,,,,,,,,,,,,,,,
Avago,8415113P,,RS Components,8415113P,636,,,,,,,,,,,,,,,,,,,
Avago,HLMP-2855,,Freelance Electronics,HLMP-2855,74,,,USD,0.78000,,,,,,,,,,,,,,,
Avago,HLMP2855,,LittleDiode,HLMP2855,162,,,,,,,,,,,,,,,,,,,
Avago,HLMP-2855,,Component Electronics,HLMP-2855,19,,,,,,,,,,,,,,,,,,,
Avago,HLMP2855,,AED Electronics,HLMP2855,520,,,,,,,,,,,,,,,,,,,
Avago,43K6994,,Newark,43K6994,0,1,,USD,4.50000,3.75000,3.15000,,2.70000,,2.40000,2.18000,2.00000,,,,,,,
Avago,HDSP-5521,,Avnet Express,HDSP-5521,1298,1,,USD,4.01500,2.67090,,2.25230,2.18320,,,2.08320,,,,,,,,
Avago,HDSP-5521,,Avnet Express Europe,HDSP-5521,2808,160,,EUR,,,,,,,,,,,,,,,,
Avago,HDSP-5521,,Arrow,HDSP-5521,795,1,,USD,2.39000,,,,,,,,,,,,,,,
Avago,516-1216-5-ND,,Digi-Key,516-1216-5-ND,665,1,Tube,USD,4.59000,3.82500,,3.21300,2.75400,,2.44800,2.21850,1.99500,,,,1.86000,,,
Avago,630-HDSP-5521,,Mouser,630-HDSP-5521,500,,,USD,4.20000,3.15000,,,2.55000,,,,,,,,,,,
Avago,1003286,,Farnell,1003286,544,1,,GBP,1.73000,,,,1.42000,,1.38000,1.11000,1.09000,,,,,,,
Avago,1003286,,element14 APAC,1003286,118,1,Bulk,SGD,6.13000,4.60000,,,3.72000,,3.37000,3.11000,,,,,,,,
Avago,HDSP-5521,,Avnet Express Asia,HDSP-5521,0,640,,USD,,,,,,,,,,,,,,,,
Avago,11039995,,Distrelec,11039995,0,,,EUR,3.68000,,,,,,,,,,,,,,,
Avago,1711420,,RS Components,1711420,775,,,,,,,,,,,,,,,,,,,
Avago,HDSP5521,,LittleDiode,HDSP5521,26,,,,,,,,,,,,,,,,,,,
Avago,HDSP-5521,,Cyclops Electronics,HDSP-5521,12,,,,,,,,,,,,,,,,,,,
Avago,5082-2800-ND,,Digi-Key,5082-2800-ND,0,500,Bulk,USD,,,,,,,,1.47000,,,,,,,,
